0,1,2,3,4,5,6,7,8,9,10,11,12,13,14,15,16,17,18,19,20,21,22,23,24,25,26,27,28,29,30,31,32,33,34,35,36,37,38,39,40,41
0.024908008,0.98442715,0.014945007,0.42915994,0.024949864,0.021939714,0.022379907,0.02272734,0.14190982,0.98287785,0.02791703,0.028147345,0.021776386,0.02555411,0.02219325,0.03664637,0.024064576,0.025681717,0.02098684,0.015248735,0.034556422,0.02763444,0.024794903,0.010015812,0.021587176,0.0100373095,0.07524555,0.029922703,0.026079172,0.02457487,0.045915276,0.47004098,0.042370077,0.027667955,0.024646457,0.029854555,0.0226758,0.024308043,0.024227712,0.021909699,0.01743831,0.019739581
0.031044452,0.9228631,0.031188037,0.30654562,0.027822088,0.02596036,0.02616343,0.025267692,0.047128066,0.9723971,0.42248932,0.029347058,0.024514021,0.026427727,0.026123796,0.031090884,0.025492843,0.02566081,0.023793519,0.35884097,0.057146974,0.079433575,0.49077,0.022098636,0.026788924,0.021091618,0.039710384,0.034218512,0.027972378,0.026536992,0.051745564,0.21691455,0.03757095,0.029090725,0.027884169,0.040359307,0.025680387,0.028103402,0.027666492,0.02567346,0.02945433,0.01923167
0.027440172,0.9519378,0.03565267,0.14205429,0.022218378,0.02176139,0.02411698,0.025099551,0.0495892,0.96457577,0.12560701,0.028469605,0.02131651,0.023705069,0.022084972,0.03684562,0.023358135,0.022965835,0.024578858,0.15902875,0.057184678,0.0276327,0.2584853,0.015351279,0.022185361,0.015980667,0.03659458,0.032407872,0.02521563,0.02220857,0.040453356,0.22344717,0.033151153,0.027416676,0.02466376,0.029765492,0.023073334,0.023682509,0.028252115,0.017663492,0.019116176,0.022058284
0.037638098,0.9557583,0.03505254,0.28596961,0.029959971,0.030304193,0.031650394,0.032062933,0.07060754,0.9726924,0.4019936,0.03446175,0.030526003,0.029259002,0.029744087,0.038225733,0.028933112,0.028881364,0.027556298,0.2002788,0.08551254,0.076765135,0.31421,0.02391513,0.028839197,0.022274183,0.054222178,0.041291192,0.032849845,0.028979441,0.06261291,0.22344005,0.043379012,0.03539943,0.03248601,0.051717803,0.029770367,0.03647897,0.034003183,0.032917652,0.0361116,0.024356652
0.024110168,0.87696046,0.022441268,0.08998688,0.018096285,0.016313171,0.016417563,0.017595172,0.016198251,0.9772264,0.5326247,0.021237765,0.016008502,0.017857,0.016598376,0.030022103,0.01748585,0.018450296,0.016586153,0.8196099,0.054505844,0.03621495,0.38260308,0.014628463,0.01844826,0.01735887,0.017589808,0.022686347,0.01677233,0.0180042,0.033139586,0.12964995,0.024835538,0.020397585,0.017794011,0.021808863,0.017166963,0.018676173,0.018796308,0.010753499,0.016297424,0.010610565
0.027361626,0.90983355,0.024931993,0.21631359,0.021671372,0.020181509,0.020259432,0.020879176,0.050991055,0.9679307,0.36964482,0.024521014,0.019725483,0.021848368,0.021826439,0.031106286,0.02155829,0.022662159,0.020246994,0.43868384,0.08142647,0.046024363,0.22899917,0.0153428065,0.020729674,0.01760485,0.033740595,0.025483366,0.021351025,0.022306196,0.04084992,0.27720612,0.030699916,0.023043543,0.021310437,0.03361414,0.021802913,0.023500238,0.023970623,0.018803565,0.023055848,0.01670002
0.022447873,0.97032195,0.018485053,0.32589808,0.018799352,0.019201508,0.020135466,0.018372942,0.09016715,0.97336835,0.13580021,0.023530914,0.0185668,0.019627307,0.01956739,0.025959104,0.018846862,0.020529592,0.01750709,0.035892203,0.063416936,0.036682025,0.12307109,0.011014885,0.017276917,0.010741504,0.047844477,0.025444478,0.021106225,0.019165557,0.042725164,0.44315273,0.031333894,0.02266723,0.020131549,0.03242755,0.0200154,0.019638063,0.022155667,0.018911533,0.01918954,0.017468236
0.033662595,0.9159733,0.042403102,0.10730631,0.029317686,0.026641363,0.027997915,0.02640371,0.03096108,0.94426006,0.38495705,0.031077795,0.022631245,0.0287922,0.025665866,0.037204865,0.028386606,0.030981041,0.026344031,0.6104274,0.12629993,0.036434326,0.29810008,0.023803564,0.028984543,0.024746839,0.031137012,0.035257794,0.027412983,0.029606694,0.044525288,0.18421264,0.0345107,0.028643899,0.025960691,0.029503988,0.02797126,0.027014121,0.029103812,0.015419702,0.02431631,0.025604479
0.039857045,0.9018271,0.051387317,0.077784546,0.035975903,0.030640205,0.03130135,0.03399725,0.023809852,0.9568017,0.563476,0.034411717,0.028815323,0.033626843,0.030556554,0.044060584,0.032496396,0.030328847,0.029664043,0.7336928,0.15824194,0.07946796,0.6687776,0.029948609,0.03472119,0.032807685,0.029682755,0.0413454,0.03355015,0.0326412,0.05222163,0.087466285,0.042377997,0.03567967,0.034898642,0.041636135,0.030599197,0.037799377,0.034443967,0.022490168,0.0279934,0.022274574
0.026856188,0.9125924,0.028254746,0.19863237,0.022154946,0.021882461,0.022564126,0.02468228,0.040752973,0.97367203,0.32514745,0.026436709,0.02127847,0.022160957,0.021950373,0.034408774,0.02418372,0.022735465,0.023689406,0.32529467,0.061266564,0.027178945,0.36508527,0.015721098,0.021935105,0.016132267,0.0309892,0.029745251,0.022256568,0.024070797,0.041089002,0.20900773,0.03239513,0.025214167,0.02159445,0.03063364,0.022777542,0.025463723,0.025859563,0.017808242,0.022506965,0.020857517
0.036870915,0.9208898,0.03858451,0.15845153,0.030721502,0.029996064,0.03182711,0.032321967,0.053066295,0.9649106,0.12449439,0.03536324,0.029876756,0.03066813,0.029547723,0.041838646,0.030425156,0.029423075,0.029334858,0.47961387,0.053542778,0.06383335,0.28076956,0.025829807,0.03312099,0.02452857,0.04439181,0.043150503,0.032842778,0.03333455,0.05177088,0.14636195,0.04439565,0.037038118,0.033461444,0.040760577,0.029510392,0.03337973,0.033272047,0.022520639,0.027666597,0.02559526
0.029828241,0.92296934,0.040036343,0.17293586,0.02521453,0.024445983,0.026009092,0.025621206,0.03689229,0.96250916,0.59152687,0.028945835,0.021969577,0.02615879,0.024393914,0.03497304,0.025469469,0.02644829,0.024928173,0.41541976,0.057670455,0.07446571,0.6150302,0.023948355,0.025051806,0.023652796,0.03062188,0.034518685,0.02715488,0.02614177,0.047345683,0.24197069,0.032897502,0.028909283,0.024774764,0.034083225,0.025074886,0.02490952,0.028198345,0.023884827,0.030319257,0.02345174
0.029871877,0.9048401,0.03698562,0.1801287,0.027771313,0.022862053,0.025252987,0.024348602,0.038827572,0.96255344,0.39561784,0.02938723,0.021777961,0.026492754,0.02436443,0.03190844,0.025501149,0.02548596,0.024067337,0.42335635,0.11412655,0.056420986,0.50650597,0.020531558,0.02593975,0.02207307,0.030186083,0.031042987,0.024846975,0.025380637,0.043836072,0.24651884,0.03248782,0.025763405,0.025934376,0.036500424,0.025709663,0.024805045,0.028082583,0.020836083,0.026415786,0.021094887
0.0259634,0.944051,0.028685806,0.14365147,0.022121612,0.021005375,0.021108948,0.022627344,0.04361814,0.97924554,0.38981026,0.024514098,0.020256706,0.02162591,0.02024547,0.028504273,0.021811133,0.020613397,0.020837834,0.24717893,0.083483346,0.06538761,0.31045476,0.017670304,0.020034915,0.017182393,0.033771724,0.02984306,0.024304973,0.020489817,0.04006001,0.11294975,0.03486775,0.024189696,0.022076774,0.030977877,0.021015773,0.025399212,0.024421819,0.020817315,0.02265449,0.016029464
0.02404676,0.9577614,0.019189043,0.2582916,0.019817358,0.019784834,0.020172775,0.019241259,0.06732712,0.9692571,0.100222,0.024571463,0.018968552,0.02040841,0.019815885,0.030110313,0.020181764,0.022338154,0.01902658,0.09266786,0.049696606,0.021511694,0.1016447,0.010833619,0.01878711,0.0110923685,0.043352608,0.02585677,0.02069909,0.021018254,0.041042715,0.3467579,0.031368878,0.023541788,0.020371217,0.026984306,0.020819305,0.02019027,0.021959854,0.0147222355,0.016762188,0.015905555
0.029080605,0.93618053,0.038411476,0.15739083,0.024062455,0.024397962,0.0258875,0.024015306,0.031368446,0.95981133,0.33174857,0.02882355,0.022301642,0.02622484,0.022281395,0.038529195,0.025285002,0.025414344,0.024366632,0.51811224,0.08814615,0.053154297,0.3336179,0.020761399,0.023621812,0.022386536,0.028707692,0.035663642,0.027187752,0.025400521,0.04470807,0.11069105,0.03563287,0.02894457,0.02495284,0.032250635,0.02500803,0.025778674,0.029838191,0.01682971,0.020526301,0.022351695
0.038664535,0.91281736,0.03887423,0.24700393,0.033111632,0.02933637,0.03214528,0.03211084,0.07555004,0.9510254,0.15111384,0.037175823,0.028801577,0.033047084,0.030971622,0.044521816,0.03215941,0.033458985,0.030505354,0.243258,0.078370966,0.060030717,0.32123455,0.024126913,0.0322292,0.023903046,0.05384007,0.040010437,0.032692127,0.034119025,0.053448975,0.3827447,0.042883404,0.03456576,0.03322719,0.042493507,0.0317095,0.03290538,0.034126587,0.02568368,0.031285938,0.030790644
0.027918871,0.9130603,0.036733612,0.07929501,0.02494793,0.021044979,0.021828959,0.023422627,0.017893312,0.9662977,0.5030794,0.026512217,0.018820718,0.022749448,0.022301527,0.03097463,0.02226867,0.023198102,0.02187078,0.6431076,0.094402105,0.020747395,0.5629085,0.015934078,0.024323145,0.017602097,0.020364253,0.027280279,0.02053165,0.022240339,0.038928926,0.19090714,0.028041461,0.024609413,0.022095961,0.026025362,0.021465547,0.022874419,0.02356512,0.012695933,0.019754415,0.015667267
0.022802094,0.910373,0.032406967,0.25082195,0.019872516,0.017734762,0.01882146,0.019491239,0.015957886,0.9771881,0.83517635,0.020337857,0.016416548,0.019531725,0.01854742,0.030101728,0.019449357,0.018061122,0.018678721,0.64266175,0.057658557,0.059123755,0.78649294,0.017466797,0.017275242,0.019391578,0.016682647,0.026522595,0.019795492,0.016751511,0.03766321,0.12285068,0.026039623,0.01965402,0.018409424,0.029459417,0.018276153,0.01954766,0.022453254,0.01760171,0.021538524,0.015921133
0.041112296,0.8364169,0.050038975,0.21646896,0.034043994,0.03296974,0.033493947,0.033928927,0.04301429,0.92705566,0.5939401,0.03567979,0.029094305,0.0346289,0.034321122,0.052792046,0.03371281,0.036771595,0.031366967,0.5318653,0.081411004,0.059299245,0.5079204,0.028096251,0.03338177,0.028599717,0.04263885,0.04089611,0.034619045,0.036622938,0.0570382,0.3159692,0.041797116,0.036490075,0.03248941,0.04161042,0.03317004,0.034805503,0.034802828,0.025807489,0.032972902,0.032238357
0.021632189,0.97130764,0.017131848,0.2801774,0.01893206,0.017105933,0.018526593,0.018111903,0.0442571,0.9807977,0.04311904,0.020990457,0.01697065,0.019350953,0.019397242,0.029167566,0.018690165,0.019027729,0.016376428,0.15442455,0.029652325,0.022509314,0.106298365,0.009751256,0.017454373,0.01106979,0.035880648,0.025787458,0.019947998,0.017345453,0.03401498,0.21527863,0.030016534,0.020559335,0.019071737,0.022248695,0.017860252,0.017050743,0.020453082,0.011793004,0.012439427,0.015149741
0.023669126,0.97226566,0.018020699,0.2657555,0.02013175,0.019515293,0.020190144,0.01955442,0.061988816,0.97911525,0.095720105,0.024226168,0.019806935,0.02094231,0.020113636,0.030478409,0.020286955,0.020121556,0.018087624,0.16676705,0.0353715,0.030295493,0.13604589,0.012082142,0.019861476,0.012227583,0.039580923,0.02754456,0.021896038,0.021723537,0.04021493,0.24778065,0.03565792,0.024739223,0.021780347,0.029412005,0.019513039,0.02114139,0.022024415,0.015620991,0.01667886,0.017237283
0.034492973,0.88276345,0.05793172,0.04471089,0.023528945,0.025658784,0.026502816,0.029698776,0.015063172,0.9534336,0.5482913,0.027483037,0.023747021,0.026132358,0.026554523,0.042376578,0.028572448,0.027959712,0.0289398,0.782682,0.04562326,0.057044584,0.84845024,0.024312686,0.024216127,0.030132845,0.02167116,0.037573755,0.028318169,0.02562389,0.04626517,0.08139641,0.030127976,0.028170358,0.024809273,0.032181043,0.02716443,0.027984839,0.03283078,0.016642978,0.021386435,0.020751808
0.027427347,0.96865135,0.024546161,0.16104701,0.022487713,0.020796768,0.021215346,0.0225821,0.064730816,0.98068285,0.1517591,0.027559467,0.021051567,0.022568403,0.020456651,0.030879363,0.021601457,0.022118498,0.020961406,0.0991962,0.08331559,0.033315863,0.16981798,0.013929259,0.02199302,0.014102417,0.04090737,0.027844885,0.022961438,0.022926942,0.04112885,0.20922013,0.03620998,0.026089972,0.024320643,0.031878613,0.021109307,0.026128123,0.024182893,0.017878622,0.019548854,0.016386976
0.029093234,0.9309256,0.02284592,0.2620576,0.02147229,0.023596471,0.022982627,0.022243382,0.06718803,0.9678454,0.12139768,0.025921894,0.022385815,0.022974908,0.024748694,0.031661488,0.023416722,0.025105527,0.021227466,0.320296,0.052494325,0.03185643,0.12280078,0.0143108545,0.021702338,0.014719095,0.040754292,0.029830422,0.023876602,0.026273057,0.041267697,0.16947526,0.0355676,0.02639649,0.02324135,0.029875258,0.023880119,0.023267379,0.024757061,0.014120581,0.018037532,0.015841309
0.028153498,0.8861091,0.0239699,0.15122701,0.020676548,0.020830637,0.020159133,0.020716209,0.043369595,0.9684747,0.37318885,0.024490327,0.019447902,0.022155408,0.022589048,0.033078976,0.02143503,0.023402033,0.020402906,0.38989058,0.044689987,0.04337156,0.38803,0.016631575,0.021324951,0.01729374,0.0315214,0.025803784,0.022148777,0.024083372,0.041079458,0.34579852,0.030075733,0.024712877,0.021467786,0.03165554,0.020891564,0.021964356,0.022399876,0.017095853,0.020882959,0.016563442
0.03559496,0.9061891,0.03414517,0.26327512,0.028514205,0.028977087,0.031102419,0.031158049,0.06835735,0.94662935,0.19383621,0.03398735,0.028595142,0.030474175,0.030222673,0.043144096,0.03132788,0.032459386,0.028472416,0.19075286,0.07720382,0.05396661,0.410762,0.023253229,0.029109307,0.022674115,0.057397336,0.038927596,0.032489378,0.032731008,0.056270815,0.26387617,0.041360173,0.03278166,0.030819485,0.04355618,0.031381704,0.03204895,0.033223454,0.026820844,0.030465271,0.031194873
0.029692028,0.87224376,0.03740036,0.12842134,0.020824777,0.02056586,0.02020844,0.0194944,0.019674992,0.96159965,0.6426429,0.023501288,0.01867876,0.022529533,0.023143247,0.0319032,0.019993857,0.022031792,0.018669344,0.8136334,0.07363184,0.06328489,0.72369677,0.018418275,0.02138009,0.023557836,0.019687472,0.025558693,0.021773035,0.020994406,0.04177279,0.17394274,0.027118433,0.023793105,0.022694943,0.033424553,0.02026943,0.021282999,0.023901576,0.014372931,0.019280504,0.014390841
0.026837513,0.8348251,0.039545525,0.10268226,0.020749774,0.019500978,0.02021084,0.020849464,0.020729402,0.9427291,0.76643836,0.02297,0.016779432,0.021693943,0.022129618,0.03171479,0.021218767,0.022065248,0.020661946,0.84094334,0.1299861,0.040369183,0.6763351,0.01852799,0.020160234,0.023346681,0.016391473,0.024531497,0.01942069,0.020293277,0.0364611,0.25020823,0.023008928,0.021508783,0.018941743,0.031702787,0.021087991,0.019971969,0.02461309,0.01471787,0.023792712,0.01987539
0.031191258,0.9353223,0.030617142,0.20890969,0.027866144,0.02615553,0.027904764,0.028278373,0.07002445,0.96499467,0.3190486,0.030915044,0.025302261,0.02889264,0.028025713,0.03939501,0.027424295,0.027681474,0.027546933,0.16409051,0.046533648,0.045895267,0.18284033,0.019818041,0.027029209,0.01939734,0.051153995,0.03764999,0.030699175,0.028803067,0.04637325,0.35198265,0.039654024,0.031068094,0.02828866,0.0364858,0.027010215,0.026479328,0.029650556,0.026379645,0.027162252,0.02358061
0.02865571,0.9459149,0.031203555,0.085932605,0.023440981,0.020939734,0.021105539,0.023446318,0.021501703,0.9805008,0.7439874,0.026008997,0.020018283,0.023326205,0.020791918,0.03296965,0.022920243,0.021834768,0.021921983,0.751781,0.12609789,0.039505478,0.36934453,0.018083576,0.02263922,0.022861915,0.020047698,0.028746258,0.021582635,0.021434382,0.04201909,0.116292834,0.028650107,0.025439126,0.021601753,0.031648353,0.02147047,0.02563514,0.025322085,0.01740795,0.02349556,0.015228793
0.027396685,0.96595967,0.024634784,0.1856809,0.024017872,0.022273982,0.022682732,0.023547234,0.062390935,0.9819089,0.15404488,0.027772607,0.021732893,0.023579009,0.021884369,0.030650761,0.023122706,0.022975225,0.022240441,0.21733288,0.056219604,0.047789708,0.12484629,0.015652038,0.023331998,0.01601168,0.03801095,0.030951649,0.023724208,0.0243748,0.042001043,0.29148245,0.03647369,0.027672874,0.022698874,0.032810327,0.021628737,0.026270367,0.025000507,0.018684184,0.022429172,0.01989236
0.028571522,0.94879156,0.029931812,0.24779436,0.025319422,0.023324838,0.02435761,0.024106018,0.053388894,0.9751279,0.3036761,0.029306412,0.02303426,0.02482143,0.02303792,0.03219306,0.023378218,0.024137996,0.023738801,0.16851571,0.04925287,0.039980896,0.18559816,0.017315246,0.023948623,0.016032968,0.045926366,0.033281624,0.027071489,0.023851104,0.04567119,0.22695708,0.039418012,0.02727933,0.026236447,0.033232935,0.023359371,0.026201116,0.026026608,0.021498123,0.022886118,0.018258952
0.027208317,0.92833906,0.027956808,0.29501778,0.02417952,0.021789305,0.022169365,0.022577,0.060079113,0.96684355,0.18510845,0.026872229,0.020203363,0.024288043,0.022920707,0.031991232,0.022977468,0.024068808,0.022110227,0.24672005,0.0732122,0.039604045,0.29963318,0.015244462,0.022951929,0.016127719,0.036471196,0.027968602,0.023153272,0.024088671,0.042133275,0.35521847,0.033675667,0.025235476,0.0237319,0.034097403,0.02221292,0.023775324,0.024673259,0.018049369,0.021696234,0.020362906
0.030977763,0.8272523,0.055584524,0.12574576,0.023747677,0.02474062,0.024326354,0.022460127,0.016854543,0.9219988,0.7446872,0.024826398,0.020385573,0.02570322,0.0258484,0.034434415,0.024375008,0.025045104,0.021826535,0.871743,0.1261309,0.07913819,0.84696645,0.024902513,0.024743939,0.030039353,0.018505745,0.030326087,0.025828034,0.024668371,0.045339823,0.10757629,0.029155048,0.025956213,0.025433885,0.03577771,0.024047792,0.023722822,0.02794711,0.01510812,0.021595236,0.021711154
0.02379254,0.93480444,0.026957933,0.2424001,0.019294258,0.019873083,0.019751452,0.02018902,0.036522347,0.9728779,0.5651185,0.022878634,0.01856157,0.019455705,0.0197203,0.029066566,0.019489504,0.019860724,0.019062014,0.21889673,0.085373074,0.01993142,0.27209216,0.01207986,0.019125737,0.012757674,0.02963651,0.024980929,0.019976825,0.019729288,0.039201308,0.15185785,0.029318811,0.021847231,0.02088827,0.028202966,0.020217054,0.021252366,0.022577919,0.015358028,0.01779952,0.014153291
0.037122823,0.91003245,0.039035268,0.19401225,0.033685606,0.031145439,0.03266933,0.034970943,0.069658875,0.95896536,0.18886578,0.035704236,0.029456852,0.032302257,0.031219702,0.041020565,0.033991516,0.0330104,0.031763755,0.3685557,0.07709373,0.0704137,0.24273166,0.026955446,0.031339813,0.024860581,0.051315546,0.04277662,0.034439098,0.033633787,0.051062956,0.22921146,0.045064706,0.03442642,0.030303143,0.041614622,0.032798603,0.03624135,0.034600522,0.027840937,0.033256736,0.032256275
0.021170603,0.953304,0.021715747,0.12116896,0.016202318,0.016786285,0.017882692,0.018708935,0.04162531,0.9785613,0.1387212,0.021149443,0.016990932,0.01646752,0.016930198,0.025422642,0.017303225,0.017017378,0.018146541,0.18493544,0.042244647,0.020702235,0.1796509,0.011398397,0.017603053,0.012230446,0.026707212,0.02462927,0.017435204,0.01750631,0.032998793,0.21054572,0.025358934,0.021247098,0.018419879,0.02249535,0.017313574,0.01757354,0.019873064,0.012327754,0.015258957,0.013690495
0.03141098,0.94756186,0.02758615,0.21573034,0.026122062,0.024105996,0.025644852,0.025947047,0.07160134,0.9772853,0.27914336,0.030572465,0.025000468,0.026500614,0.025789212,0.032131217,0.025166146,0.025329133,0.023393271,0.23275608,0.09218002,0.05273305,0.18163924,0.018074205,0.025572022,0.018343339,0.047097377,0.032504417,0.027846577,0.026124021,0.04868688,0.20221488,0.03879428,0.028401552,0.029103372,0.040958475,0.026286453,0.02762313,0.02858865,0.02542498,0.025439989,0.01735534
0.035210278,0.9237796,0.046709046,0.15861982,0.026912615,0.029754305,0.029199304,0.029866764,0.038527023,0.95422065,0.5234668,0.031119108,0.026725488,0.030231874,0.029421784,0.044163268,0.029584337,0.0289109,0.027776586,0.48032737,0.09715404,0.06733477,0.56572187,0.024468383,0.028728131,0.028718589,0.03392086,0.0387114,0.031015078,0.030965088,0.052649554,0.13643222,0.037557125,0.034906387,0.028750306,0.042225197,0.027512569,0.03262175,0.033985067,0.023287715,0.02951263,0.028986562
0.03541617,0.90034443,0.044507228,0.08281737,0.02733597,0.027037472,0.027940053,0.033028014,0.030273274,0.964197,0.5369707,0.030901404,0.02627436,0.030009627,0.028553963,0.050353725,0.03197649,0.028418163,0.032630377,0.72059554,0.06304095,0.04452041,0.47175163,0.025147697,0.029104793,0.031286806,0.028537843,0.03946648,0.029551184,0.031437617,0.045676585,0.15513366,0.03544609,0.032665357,0.026600812,0.037324093,0.027466424,0.032577854,0.03441279,0.022832299,0.029071232,0.029182682
0.02865626,0.8805146,0.040874913,0.16066447,0.024834665,0.023036148,0.023533635,0.024471685,0.023242299,0.95677084,0.65005386,0.025410747,0.019811787,0.024228504,0.023621256,0.034960575,0.024973718,0.024536267,0.02416632,0.5250714,0.11413994,0.028119765,0.48797065,0.018828813,0.023096342,0.020563753,0.024826925,0.029472655,0.02427316,0.022656268,0.03954624,0.13458891,0.02891546,0.023784468,0.02245765,0.027867861,0.024774985,0.024131859,0.026988639,0.017326526,0.020866185,0.019908253
0.03243629,0.9002797,0.050565403,0.14867646,0.029478373,0.027801933,0.027937904,0.027205648,0.026903316,0.956408,0.62410104,0.029689254,0.023850188,0.02901614,0.02643434,0.037581116,0.028801788,0.029466655,0.026631337,0.52335393,0.12952136,0.070078164,0.62270904,0.023599217,0.02671752,0.02911517,0.028027961,0.03502737,0.028650288,0.026898554,0.050152496,0.1415521,0.03326218,0.02895135,0.026250424,0.036160965,0.029177887,0.030596675,0.032475248,0.023273522,0.026735848,0.024198962
0.034720264,0.89486295,0.047529057,0.1286321,0.028019847,0.028775131,0.02851119,0.027736798,0.035570327,0.9428627,0.71450466,0.032151576,0.025624007,0.02943908,0.02834245,0.039799042,0.028198883,0.030383954,0.027198233,0.5018242,0.0540744,0.082930915,0.69808906,0.026994042,0.028735809,0.027645722,0.035491128,0.036183394,0.03123218,0.030300662,0.05610575,0.27952185,0.03637775,0.033033315,0.028900824,0.04164208,0.028737154,0.030303529,0.031323634,0.02730739,0.032335386,0.025545573
0.02731713,0.89716583,0.03703098,0.15976074,0.021908717,0.022109604,0.022970928,0.025749007,0.02225828,0.9758473,0.5291457,0.02634422,0.021709219,0.021715945,0.021217583,0.032079913,0.02337955,0.02130533,0.02213484,0.45883757,0.059153993,0.053849015,0.7200193,0.020400241,0.022629421,0.02020814,0.024084792,0.03122939,0.02388272,0.021463599,0.042133458,0.08754178,0.031316265,0.025678903,0.023292303,0.030471666,0.022647178,0.02625482,0.025222618,0.018363267,0.021296771,0.019676229
0.023526141,0.96986884,0.021765409,0.18730164,0.019013464,0.02036897,0.02009056,0.02104941,0.079038344,0.9770469,0.12741491,0.025085531,0.01995103,0.020749995,0.019965746,0.029360339,0.021064429,0.021183478,0.019726632,0.027296158,0.04230268,0.035520643,0.15092632,0.011185443,0.01771079,0.010915673,0.045528825,0.027027855,0.023159787,0.020371037,0.039381307,0.284543,0.03419167,0.024558814,0.020726804,0.029260889,0.020701211,0.022566734,0.0230348,0.017484661,0.016006405,0.017950332
0.02987205,0.8982083,0.036949273,0.17861724,0.025924692,0.024462711,0.025128635,0.024324236,0.026222806,0.96067154,0.64489627,0.02793559,0.021635158,0.025690297,0.023045562,0.039948102,0.025116116,0.02642542,0.024082646,0.51544505,0.075656556,0.04100298,0.4663883,0.022296892,0.0255057,0.02431221,0.02741749,0.033490613,0.024781018,0.026445152,0.044774763,0.2243927,0.032958716,0.028255157,0.023298705,0.028722737,0.023693364,0.02612789,0.026102044,0.018190408,0.02626248,0.025137136
0.026337983,0.93880314,0.04537569,0.13480996,0.022324298,0.022631431,0.024024501,0.02487732,0.027688108,0.95794374,0.42181018,0.02516153,0.020501817,0.02440388,0.022650555,0.04160342,0.024131114,0.024383005,0.02427585,0.22123766,0.057487372,0.024958083,0.44504496,0.016080964,0.021105677,0.018228924,0.028607117,0.03298675,0.026819872,0.022731418,0.040154494,0.11141623,0.03399421,0.025890205,0.024175677,0.024971945,0.023169495,0.023361798,0.027389875,0.016423695,0.015653249,0.021265883
0.030914899,0.8420066,0.051526368,0.081007786,0.02506719,0.02145123,0.02189316,0.02424597,0.010245246,0.95308954,0.94375706,0.025070192,0.018830927,0.024933832,0.022264134,0.039657976,0.024564631,0.023173792,0.023776805,0.91593456,0.14043614,0.06376912,0.92091376,0.024659494,0.023309065,0.031750843,0.012559555,0.028971802,0.0222083,0.022630123,0.04051956,0.118782066,0.025865648,0.02483156,0.022378875,0.030912267,0.022646217,0.024691993,0.026837233,0.016580764,0.025459753,0.017533593
0.016999496,0.9769313,0.011582887,0.19550838,0.014509797,0.013292924,0.013726482,0.012934096,0.039436232,0.9865348,0.10023056,0.01633931,0.012620682,0.014647846,0.013796143,0.022431264,0.014135997,0.014312381,0.012665356,0.07077718,0.085842885,0.01389278,0.11167543,0.007339369,0.013207296,0.008280234,0.024149861,0.018344153,0.014216309,0.014058683,0.028944407,0.19760264,0.023124605,0.016522257,0.0148207685,0.018545518,0.013648937,0.01348793,0.015717985,0.009555504,0.01031267,0.009323952
0.029019339,0.9073759,0.032822877,0.13036408,0.024486134,0.021969827,0.023665937,0.022991087,0.033865307,0.95331603,0.28853637,0.026590269,0.020840587,0.023629528,0.022889653,0.03396597,0.023238141,0.024497231,0.021702664,0.34645006,0.091152325,0.04347827,0.4853001,0.019133689,0.023141569,0.020748068,0.030655276,0.030319672,0.023178516,0.023327243,0.0410396,0.20083703,0.031156255,0.025455777,0.023396758,0.03021627,0.023328608,0.02382763,0.02534506,0.016584497,0.023369035,0.020866565
0.020067962,0.9555204,0.016784294,0.2867109,0.015397737,0.01609209,0.01637459,0.01582619,0.04953455,0.9769025,0.28293556,0.019317867,0.016201464,0.016779825,0.016549194,0.025448216,0.016731355,0.016971573,0.015935976,0.066574946,0.041218832,0.03696102,0.3598754,0.010692331,0.014743622,0.011295121,0.031077802,0.022602849,0.017917126,0.017172748,0.03455663,0.25191545,0.027147034,0.019274509,0.017530471,0.025613885,0.01684162,0.01663737,0.018669065,0.014223061,0.01491212,0.012591634
0.029374313,0.95333576,0.027986893,0.2503637,0.025194133,0.022871988,0.025315592,0.024041584,0.06204097,0.9659321,0.12849748,0.030440306,0.021689434,0.026482914,0.025490401,0.036060557,0.024849735,0.028301418,0.023468267,0.1366279,0.05969637,0.023947118,0.1648075,0.013161164,0.023456715,0.014944152,0.04061531,0.03060465,0.024064088,0.025246404,0.043969717,0.4205574,0.03203295,0.02707548,0.02436031,0.031219281,0.025754347,0.021974541,0.0275085,0.016502084,0.019800268,0.020515937
0.031357434,0.8719876,0.050085653,0.11969701,0.0266678,0.025326673,0.025764318,0.02506038,0.02056188,0.95501494,0.79701716,0.028923254,0.023057224,0.02571835,0.023980148,0.036794815,0.025658704,0.026732367,0.022857815,0.7986196,0.0934122,0.071300015,0.73402315,0.02326714,0.025659585,0.026952768,0.022635307,0.03242045,0.025163397,0.0261546,0.050720975,0.13184634,0.0339812,0.027684432,0.025701933,0.035695273,0.026096987,0.028923789,0.028788159,0.019379498,0.027562048,0.021621428
0.03314495,0.7892978,0.042228386,0.065560415,0.025033481,0.022517648,0.022528598,0.023909165,0.013397783,0.95647305,0.92896265,0.026850386,0.020178555,0.024714408,0.02315258,0.039842248,0.024906833,0.02713691,0.02442943,0.9531704,0.11292593,0.04626696,0.74517435,0.024416842,0.024500376,0.03226747,0.0140274335,0.028161796,0.020510266,0.02623308,0.04480304,0.21270631,0.025554877,0.025536934,0.021141378,0.03354242,0.024150003,0.025942737,0.026127977,0.016046334,0.029159192,0.017674938
0.025182834,0.9726527,0.022872591,0.29760614,0.021179404,0.022054669,0.023136677,0.021311432,0.0694096,0.97519684,0.16165425,0.025919601,0.020896992,0.022405714,0.020895397,0.030929716,0.022356968,0.023821948,0.021152887,0.10974495,0.07497677,0.024391985,0.054831836,0.012868278,0.020137876,0.014470676,0.043727852,0.030901663,0.023097148,0.02173018,0.044164155,0.20395277,0.032243043,0.025207018,0.02162987,0.028299963,0.023001403,0.022028593,0.02533801,0.017462378,0.019758748,0.018844316
0.02987333,0.96152306,0.027541596,0.24352166,0.024851203,0.024441432,0.025795456,0.025773296,0.07731651,0.9684895,0.32784498,0.028876342,0.023092404,0.026421681,0.024435988,0.036081884,0.025645662,0.026291061,0.0250544,0.14763634,0.08306787,0.047358382,0.15306012,0.018514313,0.02327374,0.017856354,0.047133297,0.034250434,0.02829532,0.025630187,0.048738215,0.3103321,0.036695633,0.028766362,0.025584942,0.03824413,0.025594011,0.026070755,0.028672969,0.025517106,0.026524058,0.022359261
0.028556,0.9609328,0.022011073,0.3959447,0.025011191,0.02341013,0.024318283,0.023787646,0.07302489,0.9737057,0.22291438,0.029378718,0.023586832,0.02423167,0.023155147,0.035934594,0.022710713,0.024052406,0.022409547,0.19866313,0.030846292,0.03676625,0.10775055,0.015795596,0.024290696,0.014344094,0.053964995,0.033514686,0.02584068,0.024906399,0.048989937,0.35498646,0.040833894,0.029589262,0.026413506,0.033826295,0.022800097,0.025879588,0.025332311,0.02223075,0.02596897,0.018815825
0.018972002,0.9872509,0.011897335,0.2487196,0.01636197,0.01608267,0.016244791,0.0159823,0.049855288,0.98824817,0.058066543,0.020381242,0.016012805,0.016356094,0.015260599,0.023489999,0.016203154,0.017154466,0.014143454,0.068165675,0.01660751,0.028722418,0.14382868,0.009052299,0.015861208,0.009036098,0.03314745,0.023465073,0.016957777,0.016416995,0.036624297,0.33782357,0.02856264,0.020769214,0.016649341,0.022802664,0.015593987,0.016889494,0.01657403,0.011342855,0.01282081,0.013606718
0.035373088,0.8839804,0.034982722,0.18477385,0.028913815,0.02667126,0.027070785,0.02986973,0.04016936,0.97027594,0.38378215,0.031593192,0.026533669,0.027096996,0.02676268,0.038716614,0.02846053,0.029018113,0.026733365,0.6720358,0.044301536,0.08047318,0.5034575,0.025735488,0.028007975,0.024427181,0.036638655,0.035630267,0.029005263,0.029235028,0.05437847,0.21084516,0.0396714,0.030984435,0.028100654,0.040403932,0.027882267,0.033808533,0.029158114,0.025951631,0.030599955,0.021502493
0.029822614,0.959435,0.0281062,0.2900692,0.026410833,0.024610603,0.026026517,0.026477486,0.067003146,0.9790608,0.25085065,0.029215826,0.024925638,0.02623696,0.024293339,0.037622236,0.026286788,0.024655348,0.025103735,0.16853449,0.061268438,0.047079716,0.14947593,0.017087696,0.023663405,0.016216826,0.044191115,0.03612953,0.028458795,0.026630966,0.04611746,0.17573328,0.0434664,0.029120699,0.027243575,0.03559666,0.025183983,0.028667714,0.02903259,0.022680711,0.02235056,0.019405955
0.040124696,0.8068095,0.05993141,0.07495948,0.03212046,0.03066884,0.030827295,0.033774585,0.019388271,0.9389422,0.8966879,0.031784717,0.026555546,0.03355155,0.034460936,0.04783824,0.034324978,0.0332478,0.03202828,0.86408925,0.08781767,0.076225065,0.8728115,0.033006344,0.030547407,0.038181305,0.023132809,0.039033636,0.032907248,0.032659046,0.05224219,0.17200519,0.033801172,0.032272752,0.029032752,0.044153348,0.032270774,0.032757286,0.03606849,0.02614926,0.03396691,0.027695723
0.030177148,0.9207299,0.04453916,0.12152962,0.026546527,0.025883658,0.02706939,0.02685601,0.03549094,0.94906116,0.5282516,0.028807018,0.023790598,0.026805146,0.025982158,0.038226385,0.027072152,0.027982192,0.025061881,0.34891987,0.054735005,0.078391016,0.6209246,0.021801054,0.024380317,0.022688324,0.033754654,0.03567814,0.029290529,0.026684912,0.050686605,0.24522933,0.037278153,0.029237343,0.026251461,0.035872202,0.026707424,0.028159918,0.029941726,0.02318487,0.02582886,0.025184982
0.030037414,0.95827323,0.031262785,0.1660601,0.023284158,0.022358464,0.02358001,0.026380906,0.04611914,0.9749448,0.114901684,0.028860562,0.022579258,0.02457215,0.023648987,0.038228277,0.02473377,0.024606427,0.025087537,0.29885486,0.049944967,0.019713506,0.1268014,0.012770617,0.023693752,0.015367289,0.036349706,0.03208274,0.02403248,0.024165936,0.039182484,0.18428037,0.034120504,0.027278848,0.024554087,0.027197491,0.023757888,0.024991466,0.027714701,0.013719053,0.016329968,0.017393969
0.02459074,0.96195465,0.028641231,0.19212152,0.022460498,0.02142456,0.021625651,0.022835378,0.03814569,0.97656816,0.466591,0.023525003,0.019742543,0.022042572,0.021081142,0.029593097,0.022542862,0.020982422,0.021979528,0.19994706,0.10283743,0.03532862,0.2132342,0.013616274,0.018770356,0.014006373,0.03086477,0.029975738,0.024422295,0.01962587,0.041149426,0.12659569,0.033389866,0.023633102,0.021691397,0.02948769,0.021997565,0.023741813,0.025573881,0.018455094,0.017419707,0.014075322
0.026369564,0.9546835,0.02195174,0.245153,0.02588739,0.022566034,0.02363238,0.023873856,0.065618895,0.9777247,0.1816896,0.02742867,0.02178102,0.024478316,0.021737587,0.03125829,0.024311623,0.024551518,0.021755975,0.11644305,0.077441156,0.047696352,0.14288299,0.01682964,0.023112046,0.01589896,0.043866932,0.03140431,0.025371648,0.024194246,0.044169568,0.2690526,0.037387334,0.026228316,0.024011536,0.03163308,0.023692548,0.025426587,0.023997746,0.02155274,0.02209045,0.020325795
0.036503114,0.8890343,0.055526115,0.118769094,0.033059917,0.030331297,0.031773333,0.032389786,0.032994878,0.9152458,0.6639663,0.033551697,0.026158322,0.033281624,0.02961727,0.05210043,0.032615148,0.03317105,0.030228555,0.49827683,0.12698126,0.053158883,0.61317897,0.027362766,0.031826135,0.029598657,0.034062453,0.040298793,0.03254506,0.03352774,0.051776852,0.24344425,0.03935458,0.034560703,0.031102005,0.036053114,0.030812247,0.032538835,0.034081724,0.022967193,0.03073707,0.03435801
0.024175368,0.88632774,0.024782447,0.27472702,0.020584304,0.01901275,0.02033402,0.01841032,0.0466758,0.95264447,0.31210583,0.02419883,0.01838272,0.019383352,0.019980306,0.027152348,0.01863538,0.02105395,0.017669782,0.34292606,0.060929056,0.036308497,0.2842716,0.013604708,0.019015452,0.013597997,0.032448992,0.02463934,0.01931792,0.019473795,0.03936792,0.30853876,0.028847696,0.021660404,0.021017998,0.029036691,0.0213272,0.018896153,0.02164947,0.015480237,0.020884614,0.014558492
0.030633705,0.9246889,0.037535224,0.23967908,0.026913214,0.023999011,0.026030784,0.026471173,0.03533249,0.97059757,0.52632517,0.028703263,0.02338701,0.026689714,0.025559962,0.03620531,0.025858153,0.02408571,0.024989305,0.43812978,0.08887097,0.049778115,0.44999593,0.019964457,0.025755534,0.022116559,0.029024124,0.034510717,0.0262109,0.025290763,0.04283736,0.17463113,0.034865037,0.027632847,0.026857963,0.035595123,0.024921922,0.026175665,0.028997771,0.019936757,0.02408913,0.02115744
0.032938298,0.9292431,0.043489564,0.17341197,0.030525781,0.026617572,0.028205166,0.027549606,0.039344054,0.95505,0.30392614,0.032312084,0.024524925,0.030126141,0.027828256,0.034986198,0.028766803,0.029321127,0.027144527,0.6076578,0.06628568,0.08421936,0.37771052,0.022876758,0.028956003,0.026785808,0.0337647,0.03772361,0.028783614,0.027822383,0.04735707,0.2549475,0.035932377,0.030472808,0.027267653,0.03655849,0.027621273,0.02783046,0.031192409,0.019994419,0.028350031,0.0253122
0.02070546,0.96481687,0.018644115,0.29910335,0.017342705,0.016852213,0.017551325,0.017771581,0.038175367,0.9837479,0.3690841,0.020338368,0.016316768,0.019438999,0.018248929,0.032070853,0.018106595,0.017930003,0.017781574,0.13346045,0.04301446,0.02600012,0.22464193,0.010723011,0.016779125,0.012602002,0.02852126,0.024730101,0.019636188,0.017904975,0.03725384,0.24445465,0.027537273,0.021548847,0.018787012,0.025956092,0.016718777,0.017259672,0.020971006,0.016639274,0.01563978,0.013699035
0.022421746,0.949932,0.021503571,0.22341347,0.018605305,0.018809631,0.01931868,0.017020855,0.04169971,0.9649665,0.28502774,0.02113014,0.01692543,0.019903656,0.018903604,0.031343658,0.018376028,0.020117415,0.016892014,0.12015175,0.097706944,0.018097077,0.17056312,0.01139208,0.01798338,0.012832626,0.030688975,0.024356378,0.019829672,0.019528108,0.03705605,0.1711875,0.027953124,0.021713609,0.020608656,0.024569973,0.019251812,0.017379116,0.021156343,0.013114086,0.014243614,0.014256554
0.03386233,0.84426993,0.05630662,0.06744181,0.026755013,0.025166674,0.025697412,0.028451081,0.016106326,0.95735633,0.6474083,0.03082305,0.023215212,0.025235523,0.024163922,0.03669899,0.02643391,0.026787411,0.027961293,0.75958365,0.06753718,0.04640994,0.80358154,0.024665654,0.028064147,0.025603758,0.02187339,0.03343349,0.02546438,0.026491057,0.046382822,0.1253499,0.031446967,0.029014328,0.026528863,0.030980788,0.026010737,0.029880986,0.02907273,0.017220296,0.025113378,0.018369585
0.037726663,0.91542953,0.038359,0.18400544,0.03285268,0.0269811,0.03059824,0.031063845,0.045030028,0.9650633,0.3942424,0.03471225,0.025903365,0.031821314,0.028501933,0.045326274,0.029610131,0.029772239,0.02904607,0.4220589,0.14001542,0.039704274,0.28549594,0.026596602,0.03227121,0.026290864,0.04016014,0.03893669,0.03026872,0.031006983,0.04726572,0.2196561,0.038804166,0.03275623,0.03087233,0.03724774,0.028463809,0.03068381,0.032276265,0.024787392,0.03315119,0.027186884
0.029362602,0.9584162,0.028183008,0.17916828,0.025531987,0.02324449,0.023309493,0.02244027,0.06195773,0.9731699,0.1969585,0.028353812,0.021523606,0.026607381,0.02462234,0.03259125,0.02335064,0.024895884,0.022112438,0.40344575,0.083566934,0.04274474,0.08307911,0.016168749,0.024580369,0.019078167,0.043682545,0.030786645,0.025893964,0.024223564,0.04457072,0.27104363,0.036445994,0.027530577,0.024469454,0.035965562,0.022474704,0.025484882,0.027343955,0.020253215,0.024718167,0.020331409
0.032892913,0.9298745,0.035019208,0.08028603,0.025739683,0.024231432,0.025439186,0.026585404,0.05419751,0.9629889,0.4114106,0.032028057,0.02366261,0.027080407,0.025397714,0.03766926,0.025288653,0.026312223,0.025926704,0.25123417,0.0903387,0.041644078,0.4126782,0.019403528,0.027412038,0.020516787,0.03655853,0.031780303,0.026048016,0.028414492,0.047765058,0.36861983,0.03372106,0.0314662,0.028367493,0.038897008,0.025121953,0.026852641,0.028800108,0.022681018,0.028108208,0.01996212
0.020982623,0.97513163,0.014776741,0.39367485,0.018601073,0.018377885,0.018804014,0.01715076,0.10462699,0.98099434,0.09989981,0.023017425,0.01837413,0.020088147,0.01961703,0.027830878,0.01884935,0.020988261,0.017077113,0.017423373,0.030460197,0.023001354,0.06590124,0.0084630465,0.016403332,0.0087298555,0.05205928,0.02406626,0.020784363,0.020103551,0.039933257,0.45597625,0.03369414,0.021775778,0.019920329,0.028349163,0.019534536,0.0180811,0.020478714,0.017428009,0.014590481,0.014676488
0.029924184,0.91177213,0.043351833,0.15067314,0.022543944,0.02270405,0.022847367,0.023059662,0.019697277,0.9667282,0.825578,0.024661843,0.020902993,0.023074543,0.023020098,0.03256663,0.023557853,0.023813333,0.02137473,0.6733502,0.08798064,0.06299962,0.76489264,0.01931633,0.020297833,0.022816794,0.021245657,0.029554466,0.024399118,0.020626638,0.048598487,0.09383933,0.029170621,0.023435306,0.023669615,0.034929454,0.024481056,0.02489153,0.02741819,0.018685294,0.021244913,0.01518907
0.03198229,0.8879077,0.03146288,0.15220104,0.023821231,0.02429252,0.024590831,0.025105983,0.041898582,0.94602126,0.2758678,0.026708538,0.022916768,0.026846059,0.02730991,0.043437384,0.02651815,0.026586566,0.023690673,0.29374623,0.057579216,0.051987957,0.60013074,0.019816885,0.02451421,0.022358647,0.03904371,0.03191827,0.027835015,0.02780525,0.043293137,0.22802663,0.034435026,0.027880091,0.0260856,0.034834523,0.025179777,0.02565876,0.028768461,0.019447517,0.022016704,0.024669772
0.040192943,0.8260394,0.04959433,0.28275546,0.034997597,0.03255682,0.03359347,0.033972763,0.04244535,0.942293,0.52556634,0.03641926,0.030370204,0.033424668,0.033385355,0.042780057,0.03537451,0.035497732,0.03135477,0.6498407,0.094033845,0.07970912,0.64321697,0.028488874,0.032625973,0.030691972,0.038213816,0.040448546,0.032337215,0.034985878,0.05613366,0.19743374,0.040249195,0.03302132,0.031609666,0.0455224,0.03619961,0.036584046,0.03638183,0.026187047,0.03536562,0.03046616
0.03272979,0.8194272,0.03684762,0.20351188,0.024005953,0.023009753,0.02453355,0.026748711,0.038763992,0.9540357,0.42202085,0.028101362,0.022481348,0.025252705,0.026494285,0.040527552,0.025052907,0.024907771,0.025069071,0.5277831,0.072280236,0.04131486,0.7038886,0.022474505,0.026326174,0.022206938,0.031463135,0.030456182,0.025205987,0.027736604,0.043097585,0.22060913,0.03279585,0.027597344,0.026981506,0.03738011,0.0240463,0.025842115,0.027727744,0.020961206,0.027761575,0.022681504
0.036790363,0.88702625,0.0465439,0.16178781,0.03401903,0.030436298,0.03178152,0.03168324,0.044906646,0.94812906,0.31346822,0.036296252,0.029025326,0.03257115,0.03072004,0.042434394,0.032311823,0.032946166,0.029299604,0.5466308,0.06036144,0.07333427,0.48113793,0.025311682,0.03234447,0.026326906,0.041478895,0.04066653,0.03197708,0.03412166,0.05261016,0.22325304,0.044483837,0.033910222,0.03158896,0.04192734,0.03165652,0.034634624,0.033999722,0.022982756,0.031213647,0.029809605
0.035816733,0.74765617,0.072184935,0.06265575,0.027582163,0.026660334,0.026644282,0.027961332,0.010046449,0.9214225,0.9327526,0.029880669,0.022266615,0.028052066,0.025321994,0.04551894,0.028305074,0.028748909,0.028162079,0.9633858,0.20232289,0.0529523,0.93227774,0.02906505,0.02945436,0.03984171,0.01226834,0.032113865,0.023721095,0.02950018,0.049513265,0.11990397,0.026504993,0.030459413,0.026204057,0.035771705,0.027610619,0.029697608,0.031954307,0.016388806,0.029170053,0.022281308
0.03210044,0.93228716,0.04375948,0.13794772,0.026422102,0.025041126,0.026872382,0.028565671,0.035913818,0.94953346,0.3149863,0.029483398,0.023881018,0.02772691,0.02612481,0.04159922,0.026622426,0.025827534,0.026085151,0.27596816,0.07093024,0.0742241,0.7629249,0.022676433,0.025139242,0.024058132,0.03582312,0.036807653,0.030080535,0.02518744,0.046863098,0.16188727,0.03635359,0.030923724,0.028388172,0.036829922,0.025787393,0.028487535,0.031475328,0.023692384,0.026116343,0.023990165
0.03405391,0.8770707,0.045866337,0.092871964,0.027315712,0.024598336,0.025632273,0.028590413,0.019470103,0.9641128,0.6971814,0.031938504,0.023151536,0.029025184,0.024873057,0.04380684,0.027625447,0.02709037,0.027439058,0.73820233,0.11914981,0.04118341,0.6581973,0.02559467,0.030418476,0.030181477,0.024612138,0.033240404,0.026652558,0.028332835,0.046243165,0.1371582,0.03221534,0.030381368,0.027159754,0.035651147,0.025167119,0.02994985,0.029833376,0.02036845,0.027763048,0.024595842
0.029985722,0.88179684,0.049009793,0.08364963,0.023491058,0.022604207,0.02261794,0.023158567,0.017256228,0.95068705,0.7395005,0.026011424,0.020061012,0.024136702,0.024073003,0.036077607,0.02281171,0.025083536,0.02269032,0.6535201,0.057919376,0.039267827,0.8191821,0.01867929,0.02395209,0.022863312,0.020977996,0.02808997,0.023387013,0.023105048,0.0467019,0.23306859,0.027814178,0.025497036,0.02452684,0.032978408,0.022820791,0.023700386,0.026013594,0.016480584,0.020814342,0.017742954
0.026623167,0.9431853,0.027101457,0.20746095,0.019904304,0.021550957,0.020347841,0.020342134,0.04241112,0.97644424,0.29520884,0.023687737,0.020211747,0.020460038,0.02055868,0.027613591,0.02071405,0.020966629,0.019843735,0.28693876,0.09193565,0.034646053,0.27438056,0.013339487,0.019584527,0.01511149,0.028677642,0.026482156,0.021239312,0.021065688,0.041474327,0.12126355,0.030544199,0.023960687,0.02198332,0.030373208,0.021256015,0.023648081,0.023647666,0.014300198,0.01635189,0.0128320465
0.033039376,0.9295553,0.028611956,0.199735,0.023051789,0.02484003,0.024609894,0.024454594,0.05026665,0.9648371,0.15752777,0.02849878,0.02401473,0.025520159,0.025771331,0.03938715,0.024690753,0.027200133,0.02332514,0.35518593,0.0578601,0.039158776,0.2299708,0.01666762,0.024462188,0.018944224,0.041526202,0.032193847,0.026099453,0.02725216,0.048659593,0.22535792,0.035752475,0.029602729,0.026127333,0.034898356,0.024370126,0.026982548,0.027786149,0.016404657,0.020219719,0.018992592
0.02519611,0.95692277,0.021139638,0.2178726,0.020300075,0.022006802,0.020915985,0.02120239,0.056241747,0.9745589,0.17492403,0.02298704,0.02059068,0.021332532,0.022749586,0.031153176,0.020894539,0.021396207,0.01969827,0.08958776,0.019724594,0.046648808,0.40575412,0.014849928,0.019884827,0.012694719,0.043001175,0.029394004,0.025305312,0.022935027,0.043513384,0.24912623,0.03682952,0.026457163,0.022545079,0.03240794,0.019802015,0.022575486,0.022091454,0.01924117,0.018387195,0.016588012
0.024364999,0.9374854,0.02283506,0.22430652,0.020553144,0.01983643,0.020081526,0.020177644,0.056015123,0.975831,0.20518717,0.025301132,0.01956988,0.020265618,0.019137744,0.028657766,0.020497682,0.021595133,0.019116342,0.37035072,0.041621238,0.03989289,0.12556888,0.013599756,0.019260732,0.013900398,0.03531176,0.026948066,0.02076503,0.02084959,0.03997673,0.22456287,0.03338573,0.023211114,0.020204978,0.028471498,0.020945149,0.022338122,0.022354018,0.016181618,0.020383498,0.016284173
0.027201874,0.9272891,0.026523124,0.22577834,0.020989874,0.022712957,0.021370085,0.023394836,0.047692496,0.97196794,0.38942412,0.025003744,0.021300826,0.021110564,0.022279248,0.028183669,0.023270741,0.022835854,0.02214032,0.35425273,0.06574168,0.037799366,0.4027758,0.015827117,0.021495119,0.015942432,0.031386457,0.027334804,0.021856207,0.023957275,0.044539098,0.20855522,0.031350948,0.024662107,0.021279206,0.035589106,0.022675687,0.026295586,0.024133652,0.017763967,0.02258978,0.018217202
0.025043288,0.9311626,0.02447567,0.2004092,0.02109057,0.019695785,0.021617727,0.020585878,0.041786075,0.9655209,0.41794828,0.024002427,0.018191533,0.020830477,0.021721259,0.029154783,0.020705106,0.022622978,0.0195068,0.19790997,0.0877989,0.024810392,0.33329552,0.013797901,0.01939336,0.014174204,0.028260807,0.026062028,0.019983685,0.020518625,0.041236266,0.4217587,0.026596274,0.022182692,0.02028523,0.030237231,0.02143401,0.019038431,0.022630034,0.0157209,0.02053709,0.018097565
0.031781834,0.90679765,0.036810935,0.11954941,0.023940086,0.022835629,0.023491533,0.024954256,0.040579606,0.96286434,0.5216663,0.027917236,0.022503221,0.025496732,0.024963003,0.035294242,0.023823936,0.022839397,0.02398799,0.5351554,0.118010215,0.066267975,0.46638325,0.020570882,0.024352612,0.02329584,0.032790106,0.031332534,0.025992827,0.024288936,0.04351095,0.17950693,0.033933867,0.027814956,0.026197439,0.040519834,0.023019826,0.027102843,0.029318962,0.022021541,0.028023412,0.01866796
0.026769295,0.8772983,0.03815077,0.1049465,0.021060932,0.018330157,0.019424265,0.019850241,0.009732023,0.967923,0.9293241,0.021806234,0.016403696,0.021514794,0.019623075,0.034152158,0.019762894,0.018309502,0.020255249,0.91774,0.14348906,0.05556436,0.82389534,0.022780595,0.020872608,0.02906468,0.011337685,0.026796998,0.019297075,0.018602971,0.036392696,0.10312542,0.022387953,0.022928447,0.01976059,0.030272499,0.018168764,0.019853512,0.02400968,0.015615558,0.025000578,0.014922989
0.022323973,0.96522796,0.018838026,0.29506743,0.017878504,0.016684711,0.018458957,0.01868708,0.045424324,0.9820263,0.05702424,0.022118509,0.016698644,0.017877927,0.017832387,0.026806122,0.017999522,0.0185571,0.01648288,0.15387768,0.044442527,0.01954051,0.12521578,0.010248911,0.0173371,0.010690369,0.035303213,0.024778847,0.018463623,0.01646979,0.033699237,0.20260467,0.027973602,0.019726016,0.01859212,0.021720532,0.018013004,0.017627858,0.020383012,0.01158709,0.014289857,0.015406098
0.026160963,0.8504821,0.028469857,0.14842981,0.018456839,0.018364428,0.018541383,0.01850363,0.024399249,0.94975615,0.4916689,0.021885727,0.0167438,0.01883569,0.01873,0.031076925,0.018984847,0.020739593,0.01836686,0.7813286,0.10225841,0.02654658,0.34436145,0.016029734,0.018760497,0.018429242,0.022269495,0.023308234,0.018486684,0.018937934,0.03607719,0.1529286,0.024569338,0.020559298,0.018699342,0.02480683,0.020041896,0.01962195,0.021564724,0.0123324925,0.018874975,0.014849265
0.021751205,0.96169305,0.019474551,0.23842831,0.019068131,0.018329699,0.018375134,0.019536609,0.042128894,0.9831261,0.28732336,0.021693928,0.01721297,0.019352093,0.018730152,0.027067846,0.019086024,0.017754791,0.018563401,0.15040228,0.08435298,0.026762111,0.18525976,0.01230344,0.018205121,0.012059606,0.028389698,0.025063466,0.0201154,0.018251527,0.037546244,0.1750958,0.029040603,0.022709804,0.019328322,0.028890928,0.01743273,0.020231577,0.02096071,0.016486537,0.017314224,0.014371249
0.021343648,0.97288495,0.015078802,0.186545,0.017642472,0.016192114,0.0155850295,0.014061393,0.05426401,0.98521256,0.07974803,0.02167505,0.016486669,0.018646024,0.017488694,0.023726119,0.0148168225,0.015406415,0.014340212,0.23034424,0.03521849,0.033913683,0.11243556,0.009799548,0.020047184,0.011221808,0.033285048,0.021409051,0.017808918,0.019531487,0.033300456,0.274051,0.03202841,0.023375157,0.021352082,0.027404815,0.014223596,0.017113833,0.018015657,0.012043562,0.014116898,0.009781382
0.031838514,0.9208709,0.033059925,0.35614425,0.026932823,0.026016144,0.027246503,0.027178308,0.05483358,0.9525125,0.30185986,0.02829452,0.023338202,0.027640374,0.027028956,0.040482584,0.027108504,0.02769862,0.026919555,0.24920177,0.10937108,0.03855187,0.20844974,0.01927286,0.025081811,0.018725853,0.04501912,0.03491906,0.029709619,0.026138939,0.05002177,0.2626155,0.036085628,0.028809566,0.027290016,0.03707693,0.026816478,0.026954569,0.030392682,0.02328014,0.024029197,0.022584537
0.022963576,0.9057057,0.024733655,0.11276434,0.018959519,0.017066615,0.017392721,0.01793898,0.034123026,0.9782249,0.444348,0.022051958,0.016267668,0.019291678,0.018395107,0.029159332,0.018491633,0.019658394,0.018217547,0.21135873,0.08206481,0.019243658,0.39949322,0.011910308,0.018218558,0.013972256,0.024188774,0.021519404,0.0176352,0.020001998,0.033638567,0.23832087,0.026583789,0.019989107,0.018804532,0.024920855,0.018179078,0.01896222,0.020313498,0.014491255,0.017210018,0.013390733
